{"averageTrainLoss": [4.978740530411402, 0.48150169032315415, 0.31742644537240267, 0.26342748240878183, 0.23358115407327812, 0.2099282670704027, 0.19502437475447854, 0.18199240903680522, 0.1712358899352451, 0.16518260282774766, 0.1556160321769615, 0.15065429095799723, 0.14517405966917674, 0.14243436181296906, 0.13820090457176168, 0.13596668060868977, 0.1293404529026399, 0.12655571594523887, 0.12659036107361316, 0.12382868101199468, 0.12174451779574155, 0.11918681845379372, 0.11811697555705905, 0.11853213905046384, 0.11730395829305053, 0.11328063160801927, 0.11212867219311495, 0.11215181759248177, 0.11021340259350837, 0.1081427666079253], "charErrorRates": [0.02585, 0.010133333333333333, 0.00835, 0.008166666666666666, 0.0071, 0.0075, 0.006716666666666667, 0.006216666666666666, 0.006716666666666667, 0.006066666666666666, 0.005516666666666666, 0.0054, 0.0067, 0.00605, 0.005633333333333333, 0.00625, 0.006183333333333333, 0.0059833333333333336, 0.005266666666666667, 0.005, 0.00555, 0.005233333333333334, 0.0055, 0.008216666666666667, 0.005533333333333334, 0.005316666666666667, 0.005516666666666666, 0.005416666666666667, 0.005783333333333333, 0.005333333333333333], "wordAccuracies": [0.9505666666666667, 0.9801333333333333, 0.9837, 0.9842333333333333, 0.986, 0.9854666666666667, 0.9868333333333333, 0.9878333333333333, 0.9869, 0.9881333333333333, 0.9891666666666666, 0.9895666666666667, 0.9867333333333334, 0.9882666666666666, 0.9890333333333333, 0.9876666666666667, 0.9878, 0.9881, 0.9895333333333334, 0.9901333333333333, 0.9892, 0.9897, 0.9892333333333333, 0.984, 0.9891666666666666, 0.9895333333333334, 0.9893, 0.9894333333333334, 0.9887666666666667, 0.9895666666666667]}